filename,label
00011.mp4,0
00021.mp4,1
00023.mp4,1
00024.mp4,1
00036.mp4,1
00047.mp4,0
00048.mp4,0
00061.mp4,0
00063.mp4,0
00076.mp4,1
00082.mp4,1
00092.mp4,0
00095.mp4,0
00106.mp4,1
00119.mp4,0
00133.mp4,0
00138.mp4,1
00168.mp4,1
00170.mp4,0
00188.mp4,1
00193.mp4,1
00194.mp4,1
00197.mp4,1
00202.mp4,0
00207.mp4,1
00208.mp4,1
00213.mp4,1
00227.mp4,1
00236.mp4,1
00244.mp4,1
00250.mp4,1
00251.mp4,1
00252.mp4,1
00253.mp4,1
00254.mp4,0
00255.mp4,1
00256.mp4,1
00257.mp4,1
00258.mp4,1
00259.mp4,0
00260.mp4,1
00261.mp4,0
00262.mp4,1
00263.mp4,1
00264.mp4,1
00265.mp4,1
00266.mp4,1
00267.mp4,1
00268.mp4,1
00269.mp4,1
00270.mp4,1
00271.mp4,1
00272.mp4,1
00273.mp4,1
00274.mp4,1
00275.mp4,0
00276.mp4,1
00277.mp4,1
00278.mp4,1
00279.mp4,0
00280.mp4,1
00281.mp4,0
00282.mp4,0
00283.mp4,0
00284.mp4,1
00285.mp4,1
00286.mp4,0
00287.mp4,1
00288.mp4,1
00289.mp4,1
id0_0001.mp4,0
id0_id16_0003.mp4,1
id0_id16_0004.mp4,1
id0_id16_0007.mp4,1
id0_id1_0000.mp4,0
id0_id1_0001.mp4,0
id0_id1_0005.mp4,0
id0_id21_0000.mp4,0
id0_id26_0009.mp4,0
id0_id3_0007.mp4,1
id0_id6_0007.mp4,1
id10_0001.mp4,1
id10_0007.mp4,1
id10_id11_0001.mp4,0
id10_id11_0004.mp4,1
id10_id12_0001.mp4,0
id10_id12_0004.mp4,0
id10_id13_0001.mp4,1
id10_id13_0004.mp4,1
id10_id13_0007.mp4,0
id10_id7_0001.mp4,0
id10_id7_0004.mp4,0
id10_id7_0005.mp4,0
id10_id7_0008.mp4,0
id11_0006.mp4,1
id11_0008.mp4,1
id11_id7_0008.mp4,0
id12_0000.mp4,1
id12_0005.mp4,1
id12_id10_0002.mp4,0
id12_id10_0005.mp4,1
id12_id7_0006.mp4,0
id13_0004.mp4,1
id13_0011.mp4,1
id13_0013.mp4,1
id13_id10_0005.mp4,1
id13_id10_0008.mp4,1
id13_id7_0000.mp4,0
id13_id7_0012.mp4,1
id16_0007.mp4,1
id16_0010.mp4,1
id16_0011.mp4,0
id16_id0_0011.mp4,0
id16_id1_0011.mp4,0
id16_id20_0000.mp4,0
id16_id20_0006.mp4,0
id16_id20_0012.mp4,0
id16_id21_0002.mp4,0
id16_id23_0011.mp4,0
id16_id28_0005.mp4,1
id16_id2_0001.mp4,1
id16_id2_0006.mp4,0
id16_id2_0011.mp4,0
id16_id3_0009.mp4,1
id16_id3_0010.mp4,1
id16_id3_0011.mp4,0
id16_id6_0001.mp4,0
id16_id6_0011.mp4,0
id17_0000.mp4,1
id17_0002.mp4,0
id17_id0_0000.mp4,0
id17_id16_0000.mp4,0
id17_id16_0007.mp4,0
id17_id1_0000.mp4,0
id17_id21_0000.mp4,1
id17_id23_0000.mp4,0
id17_id23_0009.mp4,0
id17_id26_0006.mp4,0
id17_id28_0001.mp4,0
id17_id2_0000.mp4,0
id17_id2_0003.mp4,0
id17_id2_0007.mp4,0
id17_id31_0009.mp4,0
id17_id3_0000.mp4,1
id17_id3_0007.mp4,1
id17_id6_0000.mp4,0
id17_id9_0000.mp4,0
id19_0005.mp4,1
id19_0007.mp4,1
id19_id20_0000.mp4,0
id19_id20_0004.mp4,0
id19_id23_0001.mp4,0
id1_0001.mp4,1
id1_0006.mp4,1
id1_0007.mp4,1
id1_0008.mp4,1
id1_id0_0007.mp4,1
id1_id16_0004.mp4,1
id1_id16_0007.mp4,1
id1_id17_0007.mp4,0
id1_id20_0001.mp4,0
id1_id20_0002.mp4,0
id1_id23_0006.mp4,0
id1_id2_0002.mp4,1
id1_id2_0007.mp4,0
id1_id3_0002.mp4,0
id1_id3_0003.mp4,0
id1_id3_0006.mp4,1
id1_id3_0007.mp4,0
id1_id3_0009.mp4,0
id1_id4_0007.mp4,1
id1_id9_0007.mp4,1
id20_0008.mp4,1
id20_id0_0006.mp4,1
id20_id19_0002.mp4,0
id20_id1_0003.mp4,0
id20_id1_0007.mp4,1
id20_id31_0006.mp4,0
id20_id31_0008.mp4,1
id20_id37_0004.mp4,0
id20_id9_0008.mp4,1
id21_0006.mp4,1
id21_0009.mp4,1
id21_id19_0005.mp4,1
id21_id19_0009.mp4,0
id21_id20_0006.mp4,0
id21_id28_0001.mp4,0
id21_id28_0009.mp4,0
id21_id2_0000.mp4,0
id21_id2_0002.mp4,0
id21_id3_0009.mp4,1
id21_id4_0002.mp4,0
id21_id6_0005.mp4,0
id21_id9_0008.mp4,1
id22_0000.mp4,1
id22_0009.mp4,0
id22_id21_0005.mp4,0
id22_id25_0001.mp4,1
id22_id26_0005.mp4,0
id22_id27_0001.mp4,1
id22_id27_0005.mp4,0
id22_id28_0006.mp4,1
id23_0001.mp4,1
id23_id16_0003.mp4,0
id23_id19_0000.mp4,0
id23_id26_0003.mp4,0
id23_id2_0007.mp4,1
id23_id35_0006.mp4,0
id23_id35_0009.mp4,1
id23_id3_0004.mp4,1
id23_id3_0009.mp4,1
id24_0009.mp4,0
id24_id19_0000.mp4,0
id24_id20_0009.mp4,0
id24_id21_0006.mp4,0
id24_id26_0004.mp4,0
id24_id26_0009.mp4,0
id25_0010.mp4,1
id25_id19_0002.mp4,1
id25_id19_0008.mp4,1
id25_id21_0005.mp4,0
id25_id23_0010.mp4,0
id25_id24_0003.mp4,0
id25_id28_0003.mp4,0
id25_id28_0010.mp4,0
id26_0008.mp4,0
id26_id16_0001.mp4,1
id26_id1_0002.mp4,0
id26_id28_0002.mp4,1
id26_id2_0005.mp4,0
id26_id3_0002.mp4,1
id27_0008.mp4,1
id27_0009.mp4,1
id27_id19_0001.mp4,1
id27_id21_0002.mp4,0
id27_id21_0008.mp4,0
id27_id22_0007.mp4,0
id27_id23_0008.mp4,0
id27_id24_0007.mp4,0
id27_id25_0008.mp4,1
id27_id26_0006.mp4,0
id28_0004.mp4,1
id28_0007.mp4,1
id28_0009.mp4,1
id28_id0_0009.mp4,0
id28_id20_0006.mp4,0
id28_id20_0008.mp4,1
id28_id21_0006.mp4,1
id28_id26_0000.mp4,0
id28_id35_0008.mp4,1
id28_id3_0001.mp4,1
id28_id3_0004.mp4,0
id28_id4_0000.mp4,1
id28_id4_0006.mp4,1
id28_id6_0006.mp4,0
id28_id9_0000.mp4,1
id29_0008.mp4,1
id29_0009.mp4,1
id29_id30_0000.mp4,0
id29_id30_0009.mp4,1
id29_id32_0000.mp4,1
id29_id32_0003.mp4,0
id29_id35_0000.mp4,1
id29_id37_0005.mp4,0
id29_id37_0008.mp4,0
id29_id37_0009.mp4,1
id29_id38_0008.mp4,0
id2_0001.mp4,1
id2_0002.mp4,1
id2_0003.mp4,1
id2_0004.mp4,1
id2_0008.mp4,1
id2_id0_0002.mp4,0
id2_id0_0008.mp4,1
id2_id16_0004.mp4,0
id2_id1_0004.mp4,0
id2_id26_0001.mp4,0
id2_id28_0003.mp4,0
id2_id3_0008.mp4,1
id2_id6_0002.mp4,0
id2_id9_0008.mp4,1
id30_0007.mp4,1
id30_id20_0004.mp4,0
id30_id21_0002.mp4,0
id30_id21_0005.mp4,1
id30_id23_0002.mp4,0
id30_id23_0007.mp4,1
id30_id26_0004.mp4,0
id30_id26_0006.mp4,1
id30_id28_0000.mp4,1
id30_id28_0004.mp4,0
id30_id28_0006.mp4,1
id30_id32_0006.mp4,0
id30_id34_0003.mp4,0
id30_id35_0009.mp4,0
id30_id3_0002.mp4,1
id30_id3_0006.mp4,1
id30_id4_0001.mp4,1
id30_id6_0007.mp4,1
id31_0003.mp4,1
id31_0004.mp4,1
id31_0007.mp4,1
id31_id16_0002.mp4,1
id31_id2_0004.mp4,1
id31_id30_0009.mp4,1
id31_id33_0008.mp4,0
id31_id33_0009.mp4,1
id32_0002.mp4,0
id32_0003.mp4,1
id32_0006.mp4,0
id32_0008.mp4,1
id32_id31_0006.mp4,0
id32_id31_0008.mp4,0
id32_id33_0002.mp4,0
id32_id33_0004.mp4,0
id33_0002.mp4,1
id33_0005.mp4,1
id33_0008.mp4,1
id33_id29_0004.mp4,0
id33_id32_0006.mp4,0
id33_id38_0001.mp4,0
id34_0006.mp4,1
id34_id29_0008.mp4,0
id34_id32_0007.mp4,0
id34_id33_0002.mp4,0
id34_id33_0005.mp4,1
id35_0000.mp4,1
id35_0003.mp4,0
id35_0008.mp4,1
id35_id16_0004.mp4,1
id35_id16_0007.mp4,0
id35_id20_0007.mp4,0
id35_id23_0007.mp4,0
id35_id26_0003.mp4,0
id35_id28_0006.mp4,1
id35_id30_0006.mp4,1
id35_id31_0006.mp4,1
id35_id31_0007.mp4,0
id35_id31_0009.mp4,0
id35_id32_0007.mp4,0
id35_id34_0002.mp4,0
id36_0000.mp4,1
id36_0001.mp4,1
id36_0002.mp4,1
id36_0006.mp4,1
id36_0008.mp4,1
id37_0004.mp4,1
id37_0005.mp4,1
id37_0009.mp4,1
id37_id1_0002.mp4,0
id37_id21_0000.mp4,1
id37_id21_0005.mp4,1
id37_id28_0007.mp4,0
id37_id28_0008.mp4,1
id37_id29_0002.mp4,0
id37_id2_0009.mp4,0
id37_id31_0008.mp4,1
id37_id34_0008.mp4,0
id37_id35_0001.mp4,0
id37_id35_0005.mp4,0
id37_id38_0009.mp4,0
id37_id3_0004.mp4,1
id37_id3_0006.mp4,0
id37_id4_0000.mp4,1
id38_id30_0006.mp4,0
id38_id33_0005.mp4,1
id38_id34_0003.mp4,0
id38_id34_0004.mp4,0
id39_0004.mp4,1
id39_0005.mp4,0
id39_id44_0000.mp4,0
id39_id44_0008.mp4,0
id39_id47_0004.mp4,0
id3_0001.mp4,1
id3_0002.mp4,1
id3_0008.mp4,1
id3_id16_0001.mp4,1
id3_id1_0001.mp4,1
id3_id20_0008.mp4,0
id3_id28_0001.mp4,1
id3_id28_0002.mp4,0
id3_id28_0009.mp4,0
id3_id2_0001.mp4,1
id3_id4_0001.mp4,1
id3_id6_0001.mp4,1
id3_id9_0001.mp4,1
id3_id9_0003.mp4,1
id40_0003.mp4,1
id40_0009.mp4,0
id42_0002.mp4,1
id42_id40_0001.mp4,0
id43_0001.mp4,1
id43_0002.mp4,1
id43_0006.mp4,1
id43_id39_0000.mp4,1
id43_id40_0005.mp4,0
id44_0001.mp4,1
id44_0003.mp4,1
id44_id41_0005.mp4,0
id44_id42_0001.mp4,1
id44_id45_0000.mp4,0
id45_0003.mp4,1
id45_id39_0008.mp4,1
id45_id47_0002.mp4,0
id46_0000.mp4,0
id46_id39_0000.mp4,0
id46_id41_0000.mp4,0
id46_id45_0001.mp4,1
id47_id43_0007.mp4,0
id48_0000.mp4,1
id48_0003.mp4,1
id48_id41_0001.mp4,1
id48_id45_0002.mp4,1
id48_id47_0008.mp4,1
id49_0004.mp4,0
id49_id52_0005.mp4,0
id49_id52_0007.mp4,0
id4_0004.mp4,1
id4_id0_0000.mp4,1
id4_id0_0001.mp4,1
id4_id0_0004.mp4,0
id4_id1_0002.mp4,1
id4_id1_0003.mp4,1
id4_id20_0000.mp4,1
id4_id20_0001.mp4,1
id4_id20_0008.mp4,1
id4_id21_0004.mp4,0
id4_id21_0009.mp4,1
id4_id23_0006.mp4,0
id4_id26_0007.mp4,0
id4_id28_0006.mp4,1
id4_id2_0003.mp4,1
id4_id30_0000.mp4,1
id4_id37_0006.mp4,0
id4_id6_0002.mp4,1
id4_id6_0008.mp4,1
id50_0000.mp4,1
id50_0003.mp4,1
id50_0006.mp4,1
id50_id49_0001.mp4,1
id50_id53_0000.mp4,0
id50_id56_0005.mp4,0
id51_0001.mp4,1
id51_0005.mp4,1
id51_0006.mp4,0
id51_id50_0008.mp4,0
id51_id57_0004.mp4,0
id52_0001.mp4,0
id52_0002.mp4,0
id52_id50_0007.mp4,0
id52_id58_0005.mp4,0
id53_0000.mp4,1
id53_0003.mp4,0
id53_0007.mp4,1
id53_id52_0003.mp4,0
id53_id57_0005.mp4,0
id53_id58_0005.mp4,1
id54_0007.mp4,1
id54_id49_0003.mp4,0
id54_id56_0000.mp4,1
id54_id56_0006.mp4,1
id54_id58_0006.mp4,0
id55_id57_0002.mp4,0
id56_0000.mp4,1
id56_0002.mp4,1
id56_0009.mp4,0
id56_id51_0000.mp4,0
id56_id54_0007.mp4,0
id56_id55_0009.mp4,0
id56_id57_0007.mp4,0
id57_0003.mp4,0
id57_0007.mp4,0
id57_id51_0000.mp4,0
id57_id53_0006.mp4,0
id58_0002.mp4,1
id58_id57_0008.mp4,0
id6_0002.mp4,0
id6_0005.mp4,0
id6_id0_0005.mp4,0
id6_id16_0005.mp4,0
id6_id1_0005.mp4,0
id6_id1_0007.mp4,1
id6_id20_0007.mp4,0
id6_id21_0006.mp4,1
id6_id23_0001.mp4,1
id6_id23_0006.mp4,0
id6_id28_0002.mp4,0
id6_id2_0005.mp4,0
id6_id2_0008.mp4,1
id6_id3_0005.mp4,0
id6_id9_0006.mp4,1
id7_0006.mp4,1
id7_id10_0009.mp4,1
id7_id11_0007.mp4,0
id7_id11_0009.mp4,1
id7_id13_0009.mp4,1
id8_0000.mp4,1
id8_0009.mp4,1
id8_id0_0002.mp4,1
id8_id3_0003.mp4,0
id8_id5_0008.mp4,0
id8_id6_0002.mp4,0
id9_0000.mp4,1
id9_id0_0000.mp4,0
id9_id0_0006.mp4,1
id9_id16_0000.mp4,0
id9_id16_0007.mp4,1
id9_id1_0000.mp4,0
id9_id20_0002.mp4,0
id9_id23_0009.mp4,0
id9_id26_0000.mp4,0
id9_id2_0000.mp4,0
id9_id2_0006.mp4,1
id9_id2_0008.mp4,0
id9_id3_0000.mp4,0
id9_id3_0009.mp4,1
id9_id6_0000.mp4,0
id9_id6_0005.mp4,0
